Transaction_ID,Date,Vendor_or_Client,Description,Category,Amount,Transaction_Type,Month
TXN00044,2026-01-01,Xcel Energy,Utilities expense,Utilities,-127.97,Expense,2026-01
TXN00043,2026-01-01,Northstar Legal,Professional Services expense,Professional Services,-1018.73,Expense,2026-01
TXN00007,2026-01-01,BlueStone Technologies,Client consulting payment,Revenue,3986.99,Income,2026-01
TXN00099,2026-01-01,Northstar Legal,Professional Services expense,Professional Services,-1101.44,Expense,2026-01
TXN00072,2026-01-01,Summit Accounting,Professional Services expense,Professional Services,-1172.1,Expense,2026-01
TXN00093,2026-01-01,Adobe,Software expense,Software,-104.16,Expense,2026-01
TXN00023,2026-01-03,Iron Range Services,Client consulting payment,Revenue,1762.0,Income,2026-01
TXN00102,2026-01-03,Lakeview Business Center,Monthly office rent,Rent,-4200.0,Expense,2026-01
TXN00081,2026-01-03,Uber,Travel expense,Travel,-20.26,Expense,2026-01
TXN00012,2026-01-03,BlueStone Technologies,Client consulting payment,Revenue,3864.87,Income,2026-01
TXN00015,2026-01-03,Pine Ridge Health,Client consulting payment,Revenue,3577.31,Income,2026-01
TXN00084,2026-01-04,Northstar Legal,Professional Services expense,Professional Services,-1321.61,Expense,2026-01
TXN00088,2026-01-04,Google Workspace,Software expense,Software,-145.46,Expense,2026-01
TXN00016,2026-01-04,BlueStone Technologies,Client consulting payment,Revenue,4392.33,Income,2026-01
TXN00070,2026-01-04,Delta Airlines,Travel expense,Travel,-515.88,Expense,2026-01
TXN00096,2026-01-04,LinkedIn Ads,Marketing expense,Marketing,-803.42,Expense,2026-01
TXN00057,2026-01-04,Microsoft,Software expense,Software,-271.12,Expense,2026-01
TXN00002,2026-01-05,Summit Retail Group,Client consulting payment,Revenue,3642.14,Income,2026-01
TXN00004,2026-01-05,Northstar Manufacturing,Client consulting payment,Revenue,1718.28,Income,2026-01
TXN00094,2026-01-05,Target,Office Supplies expense,Office Supplies,-41.48,Expense,2026-01
TXN00010,2026-01-05,Iron Range Services,Client consulting payment,Revenue,1189.53,Income,2026-01
TXN00071,2026-01-05,Summit Accounting,Professional Services expense,Professional Services,-345.53,Expense,2026-01
TXN00066,2026-01-05,Google Workspace,Software expense,Software,-80.91,Expense,2026-01
TXN00036,2026-01-06,Northstar Manufacturing,Client consulting payment,Revenue,3663.18,Income,2026-01
TXN00032,2026-01-06,Northstar Manufacturing,Client consulting payment,Revenue,1441.93,Income,2026-01
TXN00067,2026-01-06,Uber,Travel expense,Travel,-41.11,Expense,2026-01
TXN00054,2026-01-06,Comcast Business,Utilities expense,Utilities,-152.23,Expense,2026-01
TXN00048,2026-01-07,Summit Accounting,Professional Services expense,Professional Services,-415.55,Expense,2026-01
TXN00101,2026-01-07,AWS,Software expense,Software,-432.23,Expense,2026-01
TXN00083,2026-01-08,Northstar Legal,Professional Services expense,Professional Services,-368.26,Expense,2026-01
TXN00018,2026-01-08,Iron Range Services,Client consulting payment,Revenue,2354.76,Income,2026-01
TXN00042,2026-01-08,LinkedIn Ads,Marketing expense,Marketing,-531.5,Expense,2026-01
TXN00075,2026-01-08,Google Workspace,Software expense,Software,-138.22,Expense,2026-01
TXN00038,2026-01-08,Harborview Foods,Client consulting payment,Revenue,2705.64,Income,2026-01
TXN00021,2026-01-08,Great Lakes Logistics,Client consulting payment,Revenue,2741.49,Income,2026-01
TXN00069,2026-01-09,Meta Ads,Marketing expense,Marketing,-350.69,Expense,2026-01
TXN00039,2026-01-09,Northstar Legal,Professional Services expense,Professional Services,-909.22,Expense,2026-01
TXN00073,2026-01-09,Delta Airlines,Travel expense,Travel,-493.85,Expense,2026-01
TXN00090,2026-01-10,United Airlines,Travel expense,Travel,-685.32,Expense,2026-01
TXN00009,2026-01-11,Summit Retail Group,Client consulting payment,Revenue,4820.29,Income,2026-01
TXN00079,2026-01-11,Marriott,Travel expense,Travel,-732.16,Expense,2026-01
TXN00006,2026-01-11,Harborview Foods,Client consulting payment,Revenue,2686.68,Income,2026-01
TXN00074,2026-01-11,Xcel Energy,Utilities expense,Utilities,-316.16,Expense,2026-01
TXN00025,2026-01-11,Pine Ridge Health,Client consulting payment,Revenue,4635.17,Income,2026-01
TXN00026,2026-01-11,Iron Range Services,Client consulting payment,Revenue,3552.84,Income,2026-01
TXN00058,2026-01-12,Google Workspace,Software expense,Software,-82.13,Expense,2026-01
TXN00028,2026-01-12,Summit Retail Group,Client consulting payment,Revenue,3928.95,Income,2026-01
TXN00087,2026-01-12,Target,Office Supplies expense,Office Supplies,-155.26,Expense,2026-01
TXN00091,2026-01-12,Uber,Travel expense,Travel,-42.89,Expense,2026-01
TXN00056,2026-01-12,Summit Accounting,Professional Services expense,Professional Services,-829.6,Expense,2026-01
TXN00019,2026-01-13,Great Lakes Logistics,Client consulting payment,Revenue,3747.65,Income,2026-01
TXN00076,2026-01-13,Google Ads,Marketing expense,Marketing,-1122.84,Expense,2026-01
TXN00077,2026-01-14,Comcast Business,Utilities expense,Utilities,-174.99,Expense,2026-01
TXN00060,2026-01-14,Delta Airlines,Travel expense,Travel,-651.39,Expense,2026-01
TXN00097,2026-01-14,LinkedIn Ads,Marketing expense,Marketing,-226.2,Expense,2026-01
TXN00001,2026-01-14,Northstar Manufacturing,Client consulting payment,Revenue,1828.55,Income,2026-01
TXN00103,2026-01-15,Employee Payroll,Biweekly payroll,Payroll,-8834.57,Expense,2026-01
TXN00100,2026-01-15,Summit Accounting,Professional Services expense,Professional Services,-1138.58,Expense,2026-01
TXN00045,2026-01-15,LinkedIn Ads,Marketing expense,Marketing,-291.56,Expense,2026-01
TXN00098,2026-01-15,Summit Accounting,Professional Services expense,Professional Services,-850.51,Expense,2026-01
TXN00040,2026-01-15,AWS,Software expense,Software,-720.83,Expense,2026-01
TXN00092,2026-01-15,Dropbox,Software expense,Software,-71.15,Expense,2026-01
TXN00052,2026-01-16,Staples,Office Supplies expense,Office Supplies,-157.68,Expense,2026-01
TXN00024,2026-01-16,Northstar Manufacturing,Client consulting payment,Revenue,2484.89,Income,2026-01
TXN00037,2026-01-17,BlueStone Technologies,Client consulting payment,Revenue,1268.52,Income,2026-01
TXN00059,2026-01-17,Google Workspace,Software expense,Software,-82.75,Expense,2026-01
TXN00055,2026-01-17,Adobe,Software expense,Software,-42.94,Expense,2026-01
TXN00011,2026-01-18,Pine Ridge Health,Client consulting payment,Revenue,4359.48,Income,2026-01
TXN00030,2026-01-18,Harborview Foods,Client consulting payment,Revenue,1721.15,Income,2026-01
TXN00014,2026-01-18,BlueStone Technologies,Client consulting payment,Revenue,3224.88,Income,2026-01
TXN00017,2026-01-19,Pine Ridge Health,Client consulting payment,Revenue,1967.49,Income,2026-01
TXN00034,2026-01-19,Harborview Foods,Client consulting payment,Revenue,3302.73,Income,2026-01
TXN00013,2026-01-19,Pine Ridge Health,Client consulting payment,Revenue,1130.96,Income,2026-01
TXN00063,2026-01-20,Xcel Energy,Utilities expense,Utilities,-147.6,Expense,2026-01
TXN00086,2026-01-20,Delta Airlines,Travel expense,Travel,-321.93,Expense,2026-01
TXN00008,2026-01-21,Summit Retail Group,Client consulting payment,Revenue,2229.05,Income,2026-01
TXN00064,2026-01-21,AWS,Software expense,Software,-477.15,Expense,2026-01
TXN00033,2026-01-21,Summit Retail Group,Client consulting payment,Revenue,3304.92,Income,2026-01
TXN00053,2026-01-22,LinkedIn Ads,Marketing expense,Marketing,-819.69,Expense,2026-01
TXN00065,2026-01-23,Meta Ads,Marketing expense,Marketing,-877.45,Expense,2026-01
TXN00027,2026-01-23,Harborview Foods,Client consulting payment,Revenue,1400.06,Income,2026-01
TXN00078,2026-01-24,Summit Accounting,Professional Services expense,Professional Services,-439.32,Expense,2026-01
TXN00047,2026-01-24,Adobe,Software expense,Software,-154.24,Expense,2026-01
TXN00031,2026-01-25,Summit Retail Group,Client consulting payment,Revenue,2872.77,Income,2026-01
TXN00082,2026-01-25,Xcel Energy,Utilities expense,Utilities,-329.85,Expense,2026-01
TXN00095,2026-01-25,Staples,Office Supplies expense,Office Supplies,-114.86,Expense,2026-01
TXN00035,2026-01-26,Lakeside Properties,Client consulting payment,Revenue,1855.94,Income,2026-01
TXN00051,2026-01-27,Staples,Office Supplies expense,Office Supplies,-271.68,Expense,2026-01
TXN00061,2026-01-27,Staples,Office Supplies expense,Office Supplies,-72.34,Expense,2026-01
TXN00049,2026-01-27,Xcel Energy,Utilities expense,Utilities,-141.28,Expense,2026-01
TXN00068,2026-01-27,Staples,Office Supplies expense,Office Supplies,-173.56,Expense,2026-01
TXN00080,2026-01-27,Target,Office Supplies expense,Office Supplies,-38.72,Expense,2026-01
TXN00005,2026-01-28,Northstar Manufacturing,Client consulting payment,Revenue,1635.12,Income,2026-01
TXN00022,2026-01-28,BlueStone Technologies,Client consulting payment,Revenue,1722.38,Income,2026-01
TXN00089,2026-01-28,Target,Office Supplies expense,Office Supplies,-142.63,Expense,2026-01
TXN00046,2026-01-28,Delta Airlines,Travel expense,Travel,-818.17,Expense,2026-01
TXN00104,2026-01-28,Employee Payroll,Biweekly payroll,Payroll,-8613.63,Expense,2026-01
TXN00062,2026-01-28,Target,Office Supplies expense,Office Supplies,-131.35,Expense,2026-01
TXN00085,2026-01-29,Adobe,Software expense,Software,-49.51,Expense,2026-01
TXN00003,2026-01-29,Pine Ridge Health,Client consulting payment,Revenue,2572.07,Income,2026-01
TXN00029,2026-01-29,BlueStone Technologies,Client consulting payment,Revenue,2599.42,Income,2026-01
TXN00041,2026-01-30,Northstar Legal,Professional Services expense,Professional Services,-538.69,Expense,2026-01
TXN00050,2026-01-30,Northstar Legal,Professional Services expense,Professional Services,-807.77,Expense,2026-01
TXN00020,2026-01-30,Pine Ridge Health,Client consulting payment,Revenue,3466.91,Income,2026-01
TXN00190,2026-02-01,Xcel Energy,Utilities expense,Utilities,-287.26,Expense,2026-02
TXN00156,2026-02-01,Dropbox,Software expense,Software,-110.34,Expense,2026-02
TXN00137,2026-02-01,Harborview Foods,Client consulting payment,Revenue,2983.67,Income,2026-02
TXN00175,2026-02-01,Target,Office Supplies expense,Office Supplies,-217.76,Expense,2026-02
TXN00199,2026-02-02,AWS,Software expense,Software,-764.44,Expense,2026-02
TXN00184,2026-02-02,Google Ads,Marketing expense,Marketing,-238.14,Expense,2026-02
TXN00192,2026-02-02,Adobe,Software expense,Software,-145.59,Expense,2026-02
TXN00132,2026-02-02,BlueStone Technologies,Client consulting payment,Revenue,1255.29,Income,2026-02
TXN00109,2026-02-03,BlueStone Technologies,Client consulting payment,Revenue,814.89,Income,2026-02
TXN00186,2026-02-03,Office Depot,Office Supplies expense,Office Supplies,-133.66,Expense,2026-02
TXN00115,2026-02-03,Summit Retail Group,Client consulting payment,Revenue,2094.69,Income,2026-02
TXN00204,2026-02-03,Lakeview Business Center,Monthly office rent,Rent,-4200.0,Expense,2026-02
TXN00173,2026-02-04,Meta Ads,Marketing expense,Marketing,-286.15,Expense,2026-02
TXN00201,2026-02-04,Staples,Office Supplies expense,Office Supplies,-219.47,Expense,2026-02
TXN00148,2026-02-05,Office Depot,Office Supplies expense,Office Supplies,-142.16,Expense,2026-02
TXN00117,2026-02-05,Great Lakes Logistics,Client consulting payment,Revenue,2285.45,Income,2026-02
TXN00108,2026-02-05,Northstar Manufacturing,Client consulting payment,Revenue,3463.99,Income,2026-02
TXN00202,2026-02-05,Delta Airlines,Travel expense,Travel,-668.32,Expense,2026-02
TXN00130,2026-02-06,Northstar Manufacturing,Client consulting payment,Revenue,4483.56,Income,2026-02
TXN00195,2026-02-06,Xcel Energy,Utilities expense,Utilities,-240.99,Expense,2026-02
TXN00159,2026-02-06,Delta Airlines,Travel expense,Travel,-523.88,Expense,2026-02
TXN00203,2026-02-06,Marriott,Travel expense,Travel,-633.85,Expense,2026-02
TXN00112,2026-02-06,Northstar Manufacturing,Client consulting payment,Revenue,1116.02,Income,2026-02
TXN00185,2026-02-07,Meta Ads,Marketing expense,Marketing,-880.17,Expense,2026-02
TXN00151,2026-02-08,Staples,Office Supplies expense,Office Supplies,-37.82,Expense,2026-02
TXN00119,2026-02-08,Great Lakes Logistics,Client consulting payment,Revenue,4900.07,Income,2026-02
TXN00198,2026-02-08,AWS,Software expense,Software,-782.36,Expense,2026-02
TXN00194,2026-02-08,Amazon Business,Office Supplies expense,Office Supplies,-142.12,Expense,2026-02
TXN00118,2026-02-08,Harborview Foods,Client consulting payment,Revenue,4688.21,Income,2026-02
TXN00131,2026-02-09,BlueStone Technologies,Client consulting payment,Revenue,3238.48,Income,2026-02
TXN00182,2026-02-09,Google Ads,Marketing expense,Marketing,-1032.53,Expense,2026-02
TXN00197,2026-02-09,LinkedIn Ads,Marketing expense,Marketing,-584.71,Expense,2026-02
TXN00106,2026-02-10,Iron Range Services,Client consulting payment,Revenue,3687.49,Income,2026-02
TXN00193,2026-02-10,Delta Airlines,Travel expense,Travel,-753.54,Expense,2026-02
TXN00154,2026-02-10,Target,Office Supplies expense,Office Supplies,-186.63,Expense,2026-02
TXN00187,2026-02-11,Uber,Travel expense,Travel,-62.74,Expense,2026-02
TXN00171,2026-02-11,Dropbox,Software expense,Software,-35.78,Expense,2026-02
TXN00147,2026-02-11,Comcast Business,Utilities expense,Utilities,-186.45,Expense,2026-02
TXN00179,2026-02-11,Summit Accounting,Professional Services expense,Professional Services,-739.41,Expense,2026-02
TXN00126,2026-02-11,Great Lakes Logistics,Client consulting payment,Revenue,899.39,Income,2026-02
TXN00124,2026-02-11,Lakeside Properties,Client consulting payment,Revenue,1638.21,Income,2026-02
TXN00170,2026-02-12,Dropbox,Software expense,Software,-64.47,Expense,2026-02
TXN00168,2026-02-12,Marriott,Travel expense,Travel,-334.88,Expense,2026-02
TXN00189,2026-02-13,Meta Ads,Marketing expense,Marketing,-851.42,Expense,2026-02
TXN00110,2026-02-13,Summit Retail Group,Client consulting payment,Revenue,1478.64,Income,2026-02
TXN00136,2026-02-13,Great Lakes Logistics,Client consulting payment,Revenue,986.42,Income,2026-02
TXN00122,2026-02-13,Great Lakes Logistics,Client consulting payment,Revenue,1468.63,Income,2026-02
TXN00128,2026-02-14,Pine Ridge Health,Client consulting payment,Revenue,2274.81,Income,2026-02
TXN00165,2026-02-14,Delta Airlines,Travel expense,Travel,-709.49,Expense,2026-02
TXN00105,2026-02-14,BlueStone Technologies,Client consulting payment,Revenue,3340.29,Income,2026-02
TXN00144,2026-02-15,Amazon Business,Office Supplies expense,Office Supplies,-220.86,Expense,2026-02
TXN00177,2026-02-15,LinkedIn Ads,Marketing expense,Marketing,-702.78,Expense,2026-02
TXN00145,2026-02-15,Microsoft,Software expense,Software,-157.47,Expense,2026-02
TXN00205,2026-02-15,Employee Payroll,Biweekly payroll,Payroll,-8348.9,Expense,2026-02
TXN00140,2026-02-15,Pine Ridge Health,Client consulting payment,Revenue,2929.91,Income,2026-02
TXN00139,2026-02-16,Iron Range Services,Client consulting payment,Revenue,3586.23,Income,2026-02
TXN00146,2026-02-16,Meta Ads,Marketing expense,Marketing,-518.49,Expense,2026-02
TXN00161,2026-02-16,Amazon Business,Office Supplies expense,Office Supplies,-476.52,Expense,2026-02
TXN00150,2026-02-16,Delta Airlines,Travel expense,Travel,-384.78,Expense,2026-02
TXN00141,2026-02-16,Harborview Foods,Client consulting payment,Revenue,2490.08,Income,2026-02
TXN00149,2026-02-17,Amazon Business,Office Supplies expense,Office Supplies,-73.89,Expense,2026-02
TXN00125,2026-02-17,Lakeside Properties,Client consulting payment,Revenue,2081.8,Income,2026-02
TXN00181,2026-02-17,Google Ads,Marketing expense,Marketing,-852.32,Expense,2026-02
TXN00172,2026-02-17,Meta Ads,Marketing expense,Marketing,-588.35,Expense,2026-02
TXN00191,2026-02-17,Google Workspace,Software expense,Software,-110.36,Expense,2026-02
TXN00133,2026-02-17,Harborview Foods,Client consulting payment,Revenue,3859.89,Income,2026-02
TXN00138,2026-02-18,Great Lakes Logistics,Client consulting payment,Revenue,2611.45,Income,2026-02
TXN00116,2026-02-18,Northstar Manufacturing,Client consulting payment,Revenue,1682.32,Income,2026-02
TXN00143,2026-02-19,Harborview Foods,Client consulting payment,Revenue,3644.74,Income,2026-02
TXN00188,2026-02-19,Uber,Travel expense,Travel,-44.22,Expense,2026-02
TXN00200,2026-02-19,Target,Office Supplies expense,Office Supplies,-114.25,Expense,2026-02
TXN00123,2026-02-19,Pine Ridge Health,Client consulting payment,Revenue,4463.1,Income,2026-02
TXN00176,2026-02-19,Target,Office Supplies expense,Office Supplies,-132.32,Expense,2026-02
TXN00174,2026-02-19,Meta Ads,Marketing expense,Marketing,-914.35,Expense,2026-02
TXN00135,2026-02-19,Pine Ridge Health,Client consulting payment,Revenue,4577.92,Income,2026-02
TXN00127,2026-02-20,Great Lakes Logistics,Client consulting payment,Revenue,2178.7,Income,2026-02
TXN00121,2026-02-20,Iron Range Services,Client consulting payment,Revenue,4169.39,Income,2026-02
TXN00157,2026-02-21,AWS,Software expense,Software,-409.42,Expense,2026-02
TXN00120,2026-02-21,Summit Retail Group,Client consulting payment,Revenue,904.1,Income,2026-02
TXN00164,2026-02-22,Xcel Energy,Utilities expense,Utilities,-164.8,Expense,2026-02
TXN00180,2026-02-22,United Airlines,Travel expense,Travel,-565.67,Expense,2026-02
TXN00134,2026-02-22,Iron Range Services,Client consulting payment,Revenue,3346.08,Income,2026-02
TXN00167,2026-02-22,United Airlines,Travel expense,Travel,-300.36,Expense,2026-02
TXN00163,2026-02-22,Summit Accounting,Professional Services expense,Professional Services,-1107.49,Expense,2026-02
TXN00153,2026-02-23,Adobe,Software expense,Software,-98.02,Expense,2026-02
TXN00196,2026-02-23,Staples,Office Supplies expense,Office Supplies,-253.83,Expense,2026-02
TXN00158,2026-02-23,Northstar Legal,Professional Services expense,Professional Services,-360.26,Expense,2026-02
TXN00166,2026-02-24,Northstar Legal,Professional Services expense,Professional Services,-1052.1,Expense,2026-02
TXN00152,2026-02-24,Delta Airlines,Travel expense,Travel,-616.76,Expense,2026-02
TXN00155,2026-02-24,Google Ads,Marketing expense,Marketing,-569.64,Expense,2026-02
TXN00107,2026-02-25,BlueStone Technologies,Client consulting payment,Revenue,2851.83,Income,2026-02
TXN00162,2026-02-25,Comcast Business,Utilities expense,Utilities,-175.48,Expense,2026-02
TXN00160,2026-02-26,Comcast Business,Utilities expense,Utilities,-248.43,Expense,2026-02
TXN00183,2026-02-26,Dropbox,Software expense,Software,-32.43,Expense,2026-02
TXN00111,2026-02-27,Lakeside Properties,Client consulting payment,Revenue,3763.8,Income,2026-02
TXN00142,2026-02-27,BlueStone Technologies,Client consulting payment,Revenue,1334.61,Income,2026-02
TXN00178,2026-02-27,Meta Ads,Marketing expense,Marketing,-772.76,Expense,2026-02
TXN00114,2026-02-27,Iron Range Services,Client consulting payment,Revenue,1421.99,Income,2026-02
TXN00169,2026-02-27,Uber,Travel expense,Travel,-23.46,Expense,2026-02
TXN00129,2026-02-27,Harborview Foods,Client consulting payment,Revenue,2190.83,Income,2026-02
TXN00113,2026-02-27,Summit Retail Group,Client consulting payment,Revenue,951.32,Income,2026-02
TXN00206,2026-02-28,Employee Payroll,Biweekly payroll,Payroll,-7561.6,Expense,2026-02
TXN00236,2026-03-01,BlueStone Technologies,Client consulting payment,Revenue,3773.68,Income,2026-03
TXN00208,2026-03-01,Iron Range Services,Client consulting payment,Revenue,4368.22,Income,2026-03
TXN00310,2026-03-03,Lakeview Business Center,Monthly office rent,Rent,-4200.0,Expense,2026-03
TXN00267,2026-03-04,Comcast Business,Utilities expense,Utilities,-197.74,Expense,2026-03
TXN00262,2026-03-04,Dropbox,Software expense,Software,-35.37,Expense,2026-03
TXN00258,2026-03-04,Comcast Business,Utilities expense,Utilities,-209.36,Expense,2026-03
TXN00207,2026-03-04,Iron Range Services,Client consulting payment,Revenue,2925.04,Income,2026-03
TXN00253,2026-03-04,BlueStone Technologies,Client consulting payment,Revenue,1459.64,Income,2026-03
TXN00234,2026-03-05,BlueStone Technologies,Client consulting payment,Revenue,4297.04,Income,2026-03
TXN00275,2026-03-05,Xcel Energy,Utilities expense,Utilities,-217.5,Expense,2026-03
TXN00269,2026-03-05,Microsoft,Software expense,Software,-141.81,Expense,2026-03
TXN00246,2026-03-05,BlueStone Technologies,Client consulting payment,Revenue,4974.46,Income,2026-03
TXN00221,2026-03-05,Great Lakes Logistics,Client consulting payment,Revenue,1813.7,Income,2026-03
TXN00290,2026-03-05,Meta Ads,Marketing expense,Marketing,-302.23,Expense,2026-03
TXN00243,2026-03-06,Lakeside Properties,Client consulting payment,Revenue,4252.89,Income,2026-03
TXN00209,2026-03-06,Lakeside Properties,Client consulting payment,Revenue,2620.8,Income,2026-03
TXN00287,2026-03-06,Xcel Energy,Utilities expense,Utilities,-107.22,Expense,2026-03
TXN00297,2026-03-07,Northstar Legal,Professional Services expense,Professional Services,-1336.83,Expense,2026-03
TXN00261,2026-03-08,Delta Airlines,Travel expense,Travel,-795.05,Expense,2026-03
TXN00245,2026-03-08,Northstar Manufacturing,Client consulting payment,Revenue,1426.63,Income,2026-03
TXN00277,2026-03-08,AWS,Software expense,Software,-464.9,Expense,2026-03
TXN00218,2026-03-09,Iron Range Services,Client consulting payment,Revenue,2847.71,Income,2026-03
TXN00211,2026-03-09,Harborview Foods,Client consulting payment,Revenue,3881.94,Income,2026-03
TXN00283,2026-03-10,Google Workspace,Software expense,Software,-163.32,Expense,2026-03
TXN00231,2026-03-10,Pine Ridge Health,Client consulting payment,Revenue,2125.3,Income,2026-03
TXN00232,2026-03-10,Summit Retail Group,Client consulting payment,Revenue,1708.82,Income,2026-03
TXN00285,2026-03-10,Google Workspace,Software expense,Software,-118.07,Expense,2026-03
TXN00296,2026-03-10,Google Ads,Marketing expense,Marketing,-1117.96,Expense,2026-03
TXN00252,2026-03-11,Pine Ridge Health,Client consulting payment,Revenue,3427.16,Income,2026-03
TXN00305,2026-03-12,Staples,Office Supplies expense,Office Supplies,-212.98,Expense,2026-03
TXN00288,2026-03-12,Amazon Business,Office Supplies expense,Office Supplies,-363.6,Expense,2026-03
TXN00235,2026-03-12,BlueStone Technologies,Client consulting payment,Revenue,2315.7,Income,2026-03
TXN00299,2026-03-13,Northstar Legal,Professional Services expense,Professional Services,-1284.66,Expense,2026-03
TXN00242,2026-03-13,Northstar Manufacturing,Client consulting payment,Revenue,4752.47,Income,2026-03
TXN00219,2026-03-13,Iron Range Services,Client consulting payment,Revenue,2229.42,Income,2026-03
TXN00215,2026-03-14,Pine Ridge Health,Client consulting payment,Revenue,4502.85,Income,2026-03
TXN00278,2026-03-14,Xcel Energy,Utilities expense,Utilities,-265.65,Expense,2026-03
TXN00286,2026-03-14,Dropbox,Software expense,Software,-69.43,Expense,2026-03
TXN00257,2026-03-14,Marriott,Travel expense,Travel,-580.7,Expense,2026-03
TXN00233,2026-03-14,Lakeside Properties,Client consulting payment,Revenue,3843.26,Income,2026-03
TXN00237,2026-03-14,Summit Retail Group,Client consulting payment,Revenue,991.17,Income,2026-03
TXN00273,2026-03-14,Comcast Business,Utilities expense,Utilities,-143.59,Expense,2026-03
TXN00256,2026-03-15,Xcel Energy,Utilities expense,Utilities,-108.16,Expense,2026-03
TXN00264,2026-03-15,Target,Office Supplies expense,Office Supplies,-123.81,Expense,2026-03
TXN00265,2026-03-15,Comcast Business,Utilities expense,Utilities,-210.97,Expense,2026-03
TXN00311,2026-03-15,Employee Payroll,Biweekly payroll,Payroll,-7997.99,Expense,2026-03
TXN00249,2026-03-15,Lakeside Properties,Client consulting payment,Revenue,4412.7,Income,2026-03
TXN00300,2026-03-15,Marriott,Travel expense,Travel,-657.36,Expense,2026-03
TXN00225,2026-03-15,Pine Ridge Health,Client consulting payment,Revenue,1730.7,Income,2026-03
TXN00226,2026-03-15,Great Lakes Logistics,Client consulting payment,Revenue,3588.63,Income,2026-03
TXN00230,2026-03-15,BlueStone Technologies,Client consulting payment,Revenue,1855.9,Income,2026-03
TXN00250,2026-03-15,Harborview Foods,Client consulting payment,Revenue,3188.24,Income,2026-03
TXN00268,2026-03-16,Meta Ads,Marketing expense,Marketing,-643.34,Expense,2026-03
TXN00280,2026-03-16,Adobe,Software expense,Software,-75.34,Expense,2026-03
TXN00214,2026-03-16,BlueStone Technologies,Client consulting payment,Revenue,4377.2,Income,2026-03
TXN00217,2026-03-17,Harborview Foods,Client consulting payment,Revenue,920.54,Income,2026-03
TXN00276,2026-03-17,Meta Ads,Marketing expense,Marketing,-388.95,Expense,2026-03
TXN00229,2026-03-18,Iron Range Services,Client consulting payment,Revenue,3751.99,Income,2026-03
TXN00307,2026-03-19,Xcel Energy,Utilities expense,Utilities,-196.52,Expense,2026-03
TXN00281,2026-03-20,AWS,Software expense,Software,-732.46,Expense,2026-03
TXN00306,2026-03-20,Delta Airlines,Travel expense,Travel,-276.19,Expense,2026-03
TXN00228,2026-03-21,Iron Range Services,Client consulting payment,Revenue,4985.85,Income,2026-03
TXN00298,2026-03-21,United Airlines,Travel expense,Travel,-470.92,Expense,2026-03
TXN00260,2026-03-21,Staples,Office Supplies expense,Office Supplies,-66.73,Expense,2026-03
TXN00241,2026-03-22,Lakeside Properties,Client consulting payment,Revenue,2230.96,Income,2026-03
TXN00224,2026-03-22,Lakeside Properties,Client consulting payment,Revenue,4130.32,Income,2026-03
TXN00274,2026-03-22,Target,Office Supplies expense,Office Supplies,-167.83,Expense,2026-03
TXN00255,2026-03-22,Meta Ads,Marketing expense,Marketing,-720.43,Expense,2026-03
TXN00291,2026-03-23,AWS,Software expense,Software,-773.53,Expense,2026-03
TXN00304,2026-03-23,Google Ads,Marketing expense,Marketing,-1129.49,Expense,2026-03
TXN00295,2026-03-23,Delta Airlines,Travel expense,Travel,-580.76,Expense,2026-03
TXN00210,2026-03-23,Iron Range Services,Client consulting payment,Revenue,3770.7,Income,2026-03
TXN00227,2026-03-23,Iron Range Services,Client consulting payment,Revenue,3124.59,Income,2026-03
TXN00213,2026-03-23,Lakeside Properties,Client consulting payment,Revenue,2629.41,Income,2026-03
TXN00216,2026-03-23,Great Lakes Logistics,Client consulting payment,Revenue,3193.37,Income,2026-03
TXN00272,2026-03-23,Office Depot,Office Supplies expense,Office Supplies,-226.83,Expense,2026-03
TXN00222,2026-03-24,Harborview Foods,Client consulting payment,Revenue,3131.74,Income,2026-03
TXN00301,2026-03-24,Target,Office Supplies expense,Office Supplies,-219.68,Expense,2026-03
TXN00223,2026-03-24,Great Lakes Logistics,Client consulting payment,Revenue,3512.79,Income,2026-03
TXN00239,2026-03-24,Summit Retail Group,Client consulting payment,Revenue,1230.87,Income,2026-03
TXN00244,2026-03-24,Harborview Foods,Client consulting payment,Revenue,1111.15,Income,2026-03
TXN00294,2026-03-24,Meta Ads,Marketing expense,Marketing,-982.22,Expense,2026-03
TXN00309,2026-03-25,Dropbox,Software expense,Software,-116.88,Expense,2026-03
TXN00308,2026-03-25,Dropbox,Software expense,Software,-116.83,Expense,2026-03
TXN00292,2026-03-25,Dropbox,Software expense,Software,-113.94,Expense,2026-03
TXN00293,2026-03-25,Marriott,Travel expense,Travel,-582.08,Expense,2026-03
TXN00266,2026-03-25,United Airlines,Travel expense,Travel,-600.99,Expense,2026-03
TXN00284,2026-03-25,Amazon Business,Office Supplies expense,Office Supplies,-323.94,Expense,2026-03
TXN00248,2026-03-26,Great Lakes Logistics,Client consulting payment,Revenue,2397.59,Income,2026-03
TXN00220,2026-03-27,BlueStone Technologies,Client consulting payment,Revenue,842.63,Income,2026-03
TXN00282,2026-03-27,Microsoft,Software expense,Software,-204.73,Expense,2026-03
TXN00303,2026-03-27,Uber,Travel expense,Travel,-95.1,Expense,2026-03
TXN00302,2026-03-27,Comcast Business,Utilities expense,Utilities,-182.96,Expense,2026-03
TXN00289,2026-03-27,Marriott,Travel expense,Travel,-187.79,Expense,2026-03
TXN00238,2026-03-27,Northstar Manufacturing,Client consulting payment,Revenue,2026.97,Income,2026-03
TXN00254,2026-03-27,Summit Retail Group,Client consulting payment,Revenue,1115.27,Income,2026-03
TXN00279,2026-03-27,Google Ads,Marketing expense,Marketing,-188.53,Expense,2026-03
TXN00240,2026-03-28,Northstar Manufacturing,Client consulting payment,Revenue,1994.23,Income,2026-03
TXN00271,2026-03-28,United Airlines,Travel expense,Travel,-276.15,Expense,2026-03
TXN00247,2026-03-28,Pine Ridge Health,Client consulting payment,Revenue,4010.66,Income,2026-03
TXN00312,2026-03-28,Employee Payroll,Biweekly payroll,Payroll,-7650.55,Expense,2026-03
TXN00263,2026-03-29,Marriott,Travel expense,Travel,-606.91,Expense,2026-03
TXN00259,2026-03-29,United Airlines,Travel expense,Travel,-679.77,Expense,2026-03
TXN00270,2026-03-29,Target,Office Supplies expense,Office Supplies,-238.93,Expense,2026-03
TXN00251,2026-03-30,Northstar Manufacturing,Client consulting payment,Revenue,4832.46,Income,2026-03
TXN00212,2026-03-30,BlueStone Technologies,Client consulting payment,Revenue,4194.44,Income,2026-03
TXN00383,2026-04-01,Amazon Business,Office Supplies expense,Office Supplies,-160.32,Expense,2026-04
TXN00361,2026-04-02,Lakeside Properties,Client consulting payment,Revenue,3402.1,Income,2026-04
TXN00371,2026-04-02,United Airlines,Travel expense,Travel,-698.68,Expense,2026-04
TXN00378,2026-04-02,Amazon Business,Office Supplies expense,Office Supplies,-53.77,Expense,2026-04
TXN00339,2026-04-02,BlueStone Technologies,Client consulting payment,Revenue,4907.37,Income,2026-04
TXN00422,2026-04-02,United Airlines,Travel expense,Travel,-367.27,Expense,2026-04
TXN00324,2026-04-02,BlueStone Technologies,Client consulting payment,Revenue,993.16,Income,2026-04
TXN00375,2026-04-03,LinkedIn Ads,Marketing expense,Marketing,-418.51,Expense,2026-04
TXN00395,2026-04-03,Microsoft,Software expense,Software,-349.62,Expense,2026-04
TXN00414,2026-04-03,Meta Ads,Marketing expense,Marketing,-971.56,Expense,2026-04
TXN00393,2026-04-03,Amazon Business,Office Supplies expense,Office Supplies,-371.8,Expense,2026-04
TXN00431,2026-04-03,Amazon Business,Office Supplies expense,Office Supplies,-346.77,Expense,2026-04
TXN00434,2026-04-03,Lakeview Business Center,Monthly office rent,Rent,-4200.0,Expense,2026-04
TXN00425,2026-04-04,Google Ads,Marketing expense,Marketing,-298.97,Expense,2026-04
TXN00409,2026-04-04,Xcel Energy,Utilities expense,Utilities,-122.81,Expense,2026-04
TXN00315,2026-04-04,Summit Retail Group,Client consulting payment,Revenue,2771.86,Income,2026-04
TXN00333,2026-04-04,Summit Retail Group,Client consulting payment,Revenue,2655.27,Income,2026-04
TXN00317,2026-04-04,Harborview Foods,Client consulting payment,Revenue,4377.41,Income,2026-04
TXN00356,2026-04-05,Iron Range Services,Client consulting payment,Revenue,4120.86,Income,2026-04
TXN00366,2026-04-05,AWS,Software expense,Software,-417.4,Expense,2026-04
TXN00347,2026-04-05,Summit Retail Group,Client consulting payment,Revenue,4620.44,Income,2026-04
TXN00377,2026-04-05,Comcast Business,Utilities expense,Utilities,-206.16,Expense,2026-04
TXN00322,2026-04-05,Harborview Foods,Client consulting payment,Revenue,3993.55,Income,2026-04
TXN00426,2026-04-05,Microsoft,Software expense,Software,-281.45,Expense,2026-04
TXN00410,2026-04-05,Adobe,Software expense,Software,-100.46,Expense,2026-04
TXN00360,2026-04-06,Iron Range Services,Client consulting payment,Revenue,3634.31,Income,2026-04
TXN00337,2026-04-06,Lakeside Properties,Client consulting payment,Revenue,1796.26,Income,2026-04
TXN00385,2026-04-06,Office Depot,Office Supplies expense,Office Supplies,-277.98,Expense,2026-04
TXN00353,2026-04-06,Iron Range Services,Client consulting payment,Revenue,2766.99,Income,2026-04
TXN00376,2026-04-06,Staples,Office Supplies expense,Office Supplies,-333.68,Expense,2026-04
TXN00364,2026-04-07,AWS,Software expense,Software,-322.67,Expense,2026-04
TXN00354,2026-04-07,Pine Ridge Health,Client consulting payment,Revenue,3967.44,Income,2026-04
TXN00367,2026-04-07,Summit Accounting,Professional Services expense,Professional Services,-649.78,Expense,2026-04
TXN00314,2026-04-07,Northstar Manufacturing,Client consulting payment,Revenue,2521.91,Income,2026-04
TXN00386,2026-04-07,Microsoft,Software expense,Software,-84.01,Expense,2026-04
TXN00344,2026-04-07,BlueStone Technologies,Client consulting payment,Revenue,3438.64,Income,2026-04
TXN00399,2026-04-07,Adobe,Software expense,Software,-78.5,Expense,2026-04
TXN00424,2026-04-07,Office Depot,Office Supplies expense,Office Supplies,-243.88,Expense,2026-04
TXN00384,2026-04-07,Dropbox,Software expense,Software,-78.62,Expense,2026-04
TXN00411,2026-04-07,LinkedIn Ads,Marketing expense,Marketing,-545.1,Expense,2026-04
TXN00351,2026-04-08,BlueStone Technologies,Client consulting payment,Revenue,1879.27,Income,2026-04
TXN00428,2026-04-08,Uber,Travel expense,Travel,-53.86,Expense,2026-04
TXN00326,2026-04-08,Harborview Foods,Client consulting payment,Revenue,1825.63,Income,2026-04
TXN00430,2026-04-08,Google Workspace,Software expense,Software,-98.33,Expense,2026-04
TXN00328,2026-04-09,Summit Retail Group,Client consulting payment,Revenue,1535.29,Income,2026-04
TXN00380,2026-04-10,Target,Office Supplies expense,Office Supplies,-40.44,Expense,2026-04
TXN00336,2026-04-10,BlueStone Technologies,Client consulting payment,Revenue,4997.37,Income,2026-04
TXN00343,2026-04-11,Iron Range Services,Client consulting payment,Revenue,3473.8,Income,2026-04
TXN00381,2026-04-11,Summit Accounting,Professional Services expense,Professional Services,-827.74,Expense,2026-04
TXN00417,2026-04-11,Xcel Energy,Utilities expense,Utilities,-311.82,Expense,2026-04
TXN00362,2026-04-11,Uber,Travel expense,Travel,-83.0,Expense,2026-04
TXN00320,2026-04-12,Pine Ridge Health,Client consulting payment,Revenue,3450.88,Income,2026-04
TXN00342,2026-04-12,BlueStone Technologies,Client consulting payment,Revenue,3349.67,Income,2026-04
TXN00379,2026-04-12,Uber,Travel expense,Travel,-118.83,Expense,2026-04
TXN00321,2026-04-12,BlueStone Technologies,Client consulting payment,Revenue,3936.42,Income,2026-04
TXN00329,2026-04-12,Harborview Foods,Client consulting payment,Revenue,2890.2,Income,2026-04
TXN00330,2026-04-12,Summit Retail Group,Client consulting payment,Revenue,2736.83,Income,2026-04
TXN00357,2026-04-13,Northstar Manufacturing,Client consulting payment,Revenue,3053.6,Income,2026-04
TXN00388,2026-04-13,Office Depot,Office Supplies expense,Office Supplies,-58.86,Expense,2026-04
TXN00335,2026-04-13,Harborview Foods,Client consulting payment,Revenue,2718.71,Income,2026-04
TXN00340,2026-04-14,Harborview Foods,Client consulting payment,Revenue,834.01,Income,2026-04
TXN00435,2026-04-15,Employee Payroll,Biweekly payroll,Payroll,-7823.35,Expense,2026-04
TXN00352,2026-04-15,Lakeside Properties,Client consulting payment,Revenue,3935.55,Income,2026-04
TXN00325,2026-04-15,Northstar Manufacturing,Client consulting payment,Revenue,2305.55,Income,2026-04
TXN00345,2026-04-15,Northstar Manufacturing,Client consulting payment,Revenue,4112.16,Income,2026-04
TXN00365,2026-04-15,Google Workspace,Software expense,Software,-249.27,Expense,2026-04
TXN00394,2026-04-15,Northstar Legal,Professional Services expense,Professional Services,-849.65,Expense,2026-04
TXN00363,2026-04-15,Comcast Business,Utilities expense,Utilities,-204.4,Expense,2026-04
TXN00415,2026-04-16,Amazon Business,Office Supplies expense,Office Supplies,-195.27,Expense,2026-04
TXN00407,2026-04-16,AWS,Software expense,Software,-513.38,Expense,2026-04
TXN00398,2026-04-16,Adobe,Software expense,Software,-125.16,Expense,2026-04
TXN00318,2026-04-16,Harborview Foods,Client consulting payment,Revenue,3432.56,Income,2026-04
TXN00382,2026-04-16,Delta Airlines,Travel expense,Travel,-714.62,Expense,2026-04
TXN00423,2026-04-17,Marriott,Travel expense,Travel,-380.08,Expense,2026-04
TXN00316,2026-04-17,BlueStone Technologies,Client consulting payment,Revenue,3417.69,Income,2026-04
TXN00373,2026-04-18,Delta Airlines,Travel expense,Travel,-309.61,Expense,2026-04
TXN00358,2026-04-18,Lakeside Properties,Client consulting payment,Revenue,3625.88,Income,2026-04
TXN00427,2026-04-19,Staples,Office Supplies expense,Office Supplies,-164.35,Expense,2026-04
TXN00408,2026-04-19,United Airlines,Travel expense,Travel,-869.84,Expense,2026-04
TXN00413,2026-04-20,AWS,Software expense,Software,-476.8,Expense,2026-04
TXN00370,2026-04-20,Xcel Energy,Utilities expense,Utilities,-334.76,Expense,2026-04
TXN00406,2026-04-20,Comcast Business,Utilities expense,Utilities,-174.08,Expense,2026-04
TXN00355,2026-04-20,Great Lakes Logistics,Client consulting payment,Revenue,4862.53,Income,2026-04
TXN00402,2026-04-21,Northstar Legal,Professional Services expense,Professional Services,-419.01,Expense,2026-04
TXN00405,2026-04-21,Delta Airlines,Travel expense,Travel,-453.36,Expense,2026-04
TXN00404,2026-04-21,Staples,Office Supplies expense,Office Supplies,-174.5,Expense,2026-04
TXN00396,2026-04-21,Google Ads,Marketing expense,Marketing,-870.4,Expense,2026-04
TXN00369,2026-04-21,Dropbox,Software expense,Software,-88.94,Expense,2026-04
TXN00348,2026-04-21,Iron Range Services,Client consulting payment,Revenue,1537.69,Income,2026-04
TXN00323,2026-04-22,Pine Ridge Health,Client consulting payment,Revenue,1498.73,Income,2026-04
TXN00433,2026-04-22,Xcel Energy,Utilities expense,Utilities,-203.55,Expense,2026-04
TXN00432,2026-04-22,United Airlines,Travel expense,Travel,-680.26,Expense,2026-04
TXN00372,2026-04-22,Staples,Office Supplies expense,Office Supplies,-172.3,Expense,2026-04
TXN00397,2026-04-22,Xcel Energy,Utilities expense,Utilities,-118.37,Expense,2026-04
TXN00331,2026-04-23,BlueStone Technologies,Client consulting payment,Revenue,1872.37,Income,2026-04
TXN00332,2026-04-23,Northstar Manufacturing,Client consulting payment,Revenue,4585.08,Income,2026-04
TXN00390,2026-04-24,Adobe,Software expense,Software,-102.76,Expense,2026-04
TXN00391,2026-04-25,LinkedIn Ads,Marketing expense,Marketing,-574.93,Expense,2026-04
TXN00416,2026-04-25,Target,Office Supplies expense,Office Supplies,-72.87,Expense,2026-04
TXN00341,2026-04-25,Northstar Manufacturing,Client consulting payment,Revenue,4297.92,Income,2026-04
TXN00392,2026-04-25,Comcast Business,Utilities expense,Utilities,-148.8,Expense,2026-04
TXN00389,2026-04-26,Meta Ads,Marketing expense,Marketing,-202.28,Expense,2026-04
TXN00350,2026-04-26,Iron Range Services,Client consulting payment,Revenue,2907.54,Income,2026-04
TXN00313,2026-04-26,Pine Ridge Health,Client consulting payment,Revenue,4623.86,Income,2026-04
TXN00401,2026-04-26,Google Ads,Marketing expense,Marketing,-459.64,Expense,2026-04
TXN00400,2026-04-27,Target,Office Supplies expense,Office Supplies,-185.23,Expense,2026-04
TXN00368,2026-04-27,LinkedIn Ads,Marketing expense,Marketing,-435.3,Expense,2026-04
TXN00403,2026-04-27,AWS,Software expense,Software,-660.42,Expense,2026-04
TXN00319,2026-04-27,Lakeside Properties,Client consulting payment,Revenue,950.78,Income,2026-04
TXN00349,2026-04-27,Summit Retail Group,Client consulting payment,Revenue,4481.13,Income,2026-04
TXN00374,2026-04-27,LinkedIn Ads,Marketing expense,Marketing,-821.36,Expense,2026-04
TXN00436,2026-04-28,Employee Payroll,Biweekly payroll,Payroll,-8268.52,Expense,2026-04
TXN00429,2026-04-28,Uber,Travel expense,Travel,-77.6,Expense,2026-04
TXN00412,2026-04-28,Target,Office Supplies expense,Office Supplies,-151.38,Expense,2026-04
TXN00421,2026-04-28,Amazon Business,Office Supplies expense,Office Supplies,-42.34,Expense,2026-04
TXN00420,2026-04-28,Meta Ads,Marketing expense,Marketing,-977.09,Expense,2026-04
TXN00419,2026-04-28,United Airlines,Travel expense,Travel,-397.0,Expense,2026-04
TXN00418,2026-04-28,LinkedIn Ads,Marketing expense,Marketing,-394.05,Expense,2026-04
TXN00338,2026-04-28,Iron Range Services,Client consulting payment,Revenue,2042.66,Income,2026-04
TXN00327,2026-04-28,Harborview Foods,Client consulting payment,Revenue,3663.56,Income,2026-04
TXN00346,2026-04-29,Northstar Manufacturing,Client consulting payment,Revenue,2332.42,Income,2026-04
TXN00387,2026-04-29,Delta Airlines,Travel expense,Travel,-444.26,Expense,2026-04
TXN00334,2026-04-29,Iron Range Services,Client consulting payment,Revenue,2056.45,Income,2026-04
TXN00359,2026-04-29,BlueStone Technologies,Client consulting payment,Revenue,2400.31,Income,2026-04
TXN00440,2026-05-01,Northstar Manufacturing,Client consulting payment,Revenue,1658.58,Income,2026-05
TXN00494,2026-05-02,Northstar Legal,Professional Services expense,Professional Services,-1094.32,Expense,2026-05
TXN00513,2026-05-02,LinkedIn Ads,Marketing expense,Marketing,-431.92,Expense,2026-05
TXN00449,2026-05-02,Harborview Foods,Client consulting payment,Revenue,4858.04,Income,2026-05
TXN00475,2026-05-02,Summit Retail Group,Client consulting payment,Revenue,1840.52,Income,2026-05
TXN00534,2026-05-03,Xcel Energy,Utilities expense,Utilities,-258.92,Expense,2026-05
TXN00542,2026-05-03,Lakeview Business Center,Monthly office rent,Rent,-4200.0,Expense,2026-05
TXN00473,2026-05-04,Summit Retail Group,Client consulting payment,Revenue,2692.2,Income,2026-05
TXN00460,2026-05-04,Summit Retail Group,Client consulting payment,Revenue,1544.01,Income,2026-05
TXN00455,2026-05-04,Summit Retail Group,Client consulting payment,Revenue,2944.03,Income,2026-05
TXN00520,2026-05-04,Microsoft,Software expense,Software,-85.13,Expense,2026-05
TXN00480,2026-05-04,Iron Range Services,Client consulting payment,Revenue,2184.7,Income,2026-05
TXN00536,2026-05-04,LinkedIn Ads,Marketing expense,Marketing,-375.84,Expense,2026-05
TXN00515,2026-05-04,Google Ads,Marketing expense,Marketing,-543.66,Expense,2026-05
TXN00445,2026-05-04,Iron Range Services,Client consulting payment,Revenue,2467.7,Income,2026-05
TXN00451,2026-05-05,Iron Range Services,Client consulting payment,Revenue,2634.19,Income,2026-05
TXN00487,2026-05-05,Northstar Legal,Professional Services expense,Professional Services,-1075.23,Expense,2026-05
TXN00508,2026-05-05,Summit Accounting,Professional Services expense,Professional Services,-940.26,Expense,2026-05
TXN00474,2026-05-05,Iron Range Services,Client consulting payment,Revenue,2919.11,Income,2026-05
TXN00437,2026-05-06,Harborview Foods,Client consulting payment,Revenue,1989.64,Income,2026-05
TXN00506,2026-05-07,Amazon Business,Office Supplies expense,Office Supplies,-440.31,Expense,2026-05
TXN00486,2026-05-07,Uber,Travel expense,Travel,-85.36,Expense,2026-05
TXN00484,2026-05-07,Google Ads,Marketing expense,Marketing,-774.79,Expense,2026-05
TXN00509,2026-05-07,Northstar Legal,Professional Services expense,Professional Services,-642.08,Expense,2026-05
TXN00495,2026-05-07,Amazon Business,Office Supplies expense,Office Supplies,-310.71,Expense,2026-05
TXN00441,2026-05-07,Great Lakes Logistics,Client consulting payment,Revenue,4009.48,Income,2026-05
TXN00538,2026-05-07,Uber,Travel expense,Travel,-19.66,Expense,2026-05
TXN00496,2026-05-08,Dropbox,Software expense,Software,-46.28,Expense,2026-05
TXN00511,2026-05-08,Northstar Legal,Professional Services expense,Professional Services,-1297.26,Expense,2026-05
TXN00521,2026-05-08,Staples,Office Supplies expense,Office Supplies,-205.62,Expense,2026-05
TXN00505,2026-05-08,Meta Ads,Marketing expense,Marketing,-835.2,Expense,2026-05
TXN00517,2026-05-08,Uber,Travel expense,Travel,-29.45,Expense,2026-05
TXN00492,2026-05-08,Dropbox,Software expense,Software,-36.94,Expense,2026-05
TXN00541,2026-05-09,Xcel Energy,Utilities expense,Utilities,-302.87,Expense,2026-05
TXN00497,2026-05-09,Amazon Business,Office Supplies expense,Office Supplies,-368.96,Expense,2026-05
TXN00459,2026-05-10,BlueStone Technologies,Client consulting payment,Revenue,1528.7,Income,2026-05
TXN00491,2026-05-10,Xcel Energy,Utilities expense,Utilities,-156.64,Expense,2026-05
TXN00530,2026-05-10,Meta Ads,Marketing expense,Marketing,-697.93,Expense,2026-05
TXN00439,2026-05-11,Northstar Manufacturing,Client consulting payment,Revenue,2460.11,Income,2026-05
TXN00512,2026-05-11,Adobe,Software expense,Software,-154.34,Expense,2026-05
TXN00500,2026-05-12,Comcast Business,Utilities expense,Utilities,-189.42,Expense,2026-05
TXN00452,2026-05-12,Pine Ridge Health,Client consulting payment,Revenue,2629.84,Income,2026-05
TXN00523,2026-05-12,Marriott,Travel expense,Travel,-351.66,Expense,2026-05
TXN00524,2026-05-12,Google Workspace,Software expense,Software,-145.57,Expense,2026-05
TXN00458,2026-05-12,Summit Retail Group,Client consulting payment,Revenue,1231.78,Income,2026-05
TXN00535,2026-05-13,LinkedIn Ads,Marketing expense,Marketing,-697.85,Expense,2026-05
TXN00510,2026-05-14,Office Depot,Office Supplies expense,Office Supplies,-201.75,Expense,2026-05
TXN00481,2026-05-14,Harborview Foods,Client consulting payment,Revenue,1858.38,Income,2026-05
TXN00468,2026-05-14,Iron Range Services,Client consulting payment,Revenue,1122.27,Income,2026-05
TXN00465,2026-05-14,BlueStone Technologies,Client consulting payment,Revenue,3283.96,Income,2026-05
TXN00528,2026-05-15,Dropbox,Software expense,Software,-68.63,Expense,2026-05
TXN00543,2026-05-15,Employee Payroll,Biweekly payroll,Payroll,-7594.65,Expense,2026-05
TXN00489,2026-05-15,LinkedIn Ads,Marketing expense,Marketing,-244.21,Expense,2026-05
TXN00485,2026-05-16,Adobe,Software expense,Software,-118.25,Expense,2026-05
TXN00442,2026-05-16,BlueStone Technologies,Client consulting payment,Revenue,1303.93,Income,2026-05
TXN00447,2026-05-16,Pine Ridge Health,Client consulting payment,Revenue,3218.19,Income,2026-05
TXN00472,2026-05-16,Great Lakes Logistics,Client consulting payment,Revenue,3341.02,Income,2026-05
TXN00516,2026-05-16,Microsoft,Software expense,Software,-331.32,Expense,2026-05
TXN00483,2026-05-16,LinkedIn Ads,Marketing expense,Marketing,-874.16,Expense,2026-05
TXN00463,2026-05-16,Iron Range Services,Client consulting payment,Revenue,1434.02,Income,2026-05
TXN00539,2026-05-17,Summit Accounting,Professional Services expense,Professional Services,-1032.16,Expense,2026-05
TXN00482,2026-05-17,Summit Retail Group,Client consulting payment,Revenue,1142.31,Income,2026-05
TXN00454,2026-05-17,BlueStone Technologies,Client consulting payment,Revenue,1730.6,Income,2026-05
TXN00490,2026-05-17,Staples,Office Supplies expense,Office Supplies,-333.25,Expense,2026-05
TXN00529,2026-05-18,Amazon Business,Office Supplies expense,Office Supplies,-143.07,Expense,2026-05
TXN00477,2026-05-18,Summit Retail Group,Client consulting payment,Revenue,2365.98,Income,2026-05
TXN00502,2026-05-18,Staples,Office Supplies expense,Office Supplies,-247.06,Expense,2026-05
TXN00457,2026-05-18,Iron Range Services,Client consulting payment,Revenue,3854.99,Income,2026-05
TXN00478,2026-05-19,BlueStone Technologies,Client consulting payment,Revenue,2516.83,Income,2026-05
TXN00504,2026-05-19,Marriott,Travel expense,Travel,-466.66,Expense,2026-05
TXN00498,2026-05-20,Google Workspace,Software expense,Software,-135.57,Expense,2026-05
TXN00443,2026-05-21,Lakeside Properties,Client consulting payment,Revenue,1537.92,Income,2026-05
TXN00448,2026-05-21,Harborview Foods,Client consulting payment,Revenue,2015.96,Income,2026-05
TXN00503,2026-05-22,Target,Office Supplies expense,Office Supplies,-128.88,Expense,2026-05
TXN00476,2026-05-22,Lakeside Properties,Client consulting payment,Revenue,3001.09,Income,2026-05
TXN00499,2026-05-22,Delta Airlines,Travel expense,Travel,-616.36,Expense,2026-05
TXN00446,2026-05-22,Northstar Manufacturing,Client consulting payment,Revenue,878.71,Income,2026-05
TXN00471,2026-05-22,Northstar Manufacturing,Client consulting payment,Revenue,4618.01,Income,2026-05
TXN00467,2026-05-22,Lakeside Properties,Client consulting payment,Revenue,957.95,Income,2026-05
TXN00464,2026-05-23,Pine Ridge Health,Client consulting payment,Revenue,2657.27,Income,2026-05
TXN00540,2026-05-23,Office Depot,Office Supplies expense,Office Supplies,-393.09,Expense,2026-05
TXN00461,2026-05-23,Lakeside Properties,Client consulting payment,Revenue,3968.67,Income,2026-05
TXN00525,2026-05-23,Amazon Business,Office Supplies expense,Office Supplies,-59.52,Expense,2026-05
TXN00450,2026-05-23,Summit Retail Group,Client consulting payment,Revenue,4294.51,Income,2026-05
TXN00519,2026-05-23,Dropbox,Software expense,Software,-70.37,Expense,2026-05
TXN00501,2026-05-23,Marriott,Travel expense,Travel,-695.27,Expense,2026-05
TXN00470,2026-05-23,Harborview Foods,Client consulting payment,Revenue,3237.38,Income,2026-05
TXN00518,2026-05-23,Marriott,Travel expense,Travel,-576.76,Expense,2026-05
TXN00507,2026-05-24,Google Workspace,Software expense,Software,-227.34,Expense,2026-05
TXN00493,2026-05-25,AWS,Software expense,Software,-685.44,Expense,2026-05
TXN00514,2026-05-25,Google Ads,Marketing expense,Marketing,-542.66,Expense,2026-05
TXN00466,2026-05-25,Iron Range Services,Client consulting payment,Revenue,1111.6,Income,2026-05
TXN00488,2026-05-25,Meta Ads,Marketing expense,Marketing,-425.65,Expense,2026-05
TXN00522,2026-05-26,Amazon Business,Office Supplies expense,Office Supplies,-228.93,Expense,2026-05
TXN00453,2026-05-26,Harborview Foods,Client consulting payment,Revenue,1130.32,Income,2026-05
TXN00531,2026-05-26,Adobe,Software expense,Software,-176.45,Expense,2026-05
TXN00532,2026-05-26,Adobe,Software expense,Software,-116.17,Expense,2026-05
TXN00438,2026-05-26,Lakeside Properties,Client consulting payment,Revenue,3601.96,Income,2026-05
TXN00444,2026-05-26,Harborview Foods,Client consulting payment,Revenue,3755.42,Income,2026-05
TXN00456,2026-05-26,Pine Ridge Health,Client consulting payment,Revenue,2941.8,Income,2026-05
TXN00533,2026-05-27,Northstar Legal,Professional Services expense,Professional Services,-324.4,Expense,2026-05
TXN00544,2026-05-28,Employee Payroll,Biweekly payroll,Payroll,-8664.29,Expense,2026-05
TXN00527,2026-05-28,Northstar Legal,Professional Services expense,Professional Services,-590.33,Expense,2026-05
TXN00462,2026-05-28,Lakeside Properties,Client consulting payment,Revenue,3500.57,Income,2026-05
TXN00526,2026-05-29,Xcel Energy,Utilities expense,Utilities,-234.01,Expense,2026-05
TXN00537,2026-05-29,AWS,Software expense,Software,-667.59,Expense,2026-05
TXN00469,2026-05-30,Pine Ridge Health,Client consulting payment,Revenue,3295.14,Income,2026-05
TXN00479,2026-05-30,Iron Range Services,Client consulting payment,Revenue,1019.94,Income,2026-05
TXN00648,2026-06-02,Delta Airlines,Travel expense,Travel,-593.54,Expense,2026-06
TXN00565,2026-06-02,Lakeside Properties,Client consulting payment,Revenue,1330.17,Income,2026-06
TXN00564,2026-06-02,Summit Retail Group,Client consulting payment,Revenue,1399.67,Income,2026-06
TXN00599,2026-06-02,Target,Office Supplies expense,Office Supplies,-210.68,Expense,2026-06
TXN00626,2026-06-03,LinkedIn Ads,Marketing expense,Marketing,-420.47,Expense,2026-06
TXN00546,2026-06-03,Great Lakes Logistics,Client consulting payment,Revenue,2125.5,Income,2026-06
TXN00669,2026-06-03,Lakeview Business Center,Monthly office rent,Rent,-4200.0,Expense,2026-06
TXN00622,2026-06-03,Google Workspace,Software expense,Software,-120.64,Expense,2026-06
TXN00587,2026-06-04,Iron Range Services,Client consulting payment,Revenue,2689.89,Income,2026-06
TXN00600,2026-06-04,Microsoft,Software expense,Software,-92.27,Expense,2026-06
TXN00576,2026-06-04,Summit Retail Group,Client consulting payment,Revenue,2698.58,Income,2026-06
TXN00562,2026-06-04,Northstar Manufacturing,Client consulting payment,Revenue,3618.97,Income,2026-06
TXN00593,2026-06-04,BlueStone Technologies,Client consulting payment,Revenue,1852.54,Income,2026-06
TXN00557,2026-06-04,Pine Ridge Health,Client consulting payment,Revenue,2177.26,Income,2026-06
TXN00614,2026-06-05,Dropbox,Software expense,Software,-34.55,Expense,2026-06
TXN00584,2026-06-05,Summit Retail Group,Client consulting payment,Revenue,1076.14,Income,2026-06
TXN00577,2026-06-05,Lakeside Properties,Client consulting payment,Revenue,4204.16,Income,2026-06
TXN00624,2026-06-06,Microsoft,Software expense,Software,-196.35,Expense,2026-06
TXN00630,2026-06-06,United Airlines,Travel expense,Travel,-333.63,Expense,2026-06
TXN00590,2026-06-07,Northstar Manufacturing,Client consulting payment,Revenue,2976.03,Income,2026-06
TXN00589,2026-06-07,Summit Retail Group,Client consulting payment,Revenue,2617.0,Income,2026-06
TXN00588,2026-06-07,Iron Range Services,Client consulting payment,Revenue,4487.43,Income,2026-06
TXN00609,2026-06-07,Amazon Business,Office Supplies expense,Office Supplies,-176.91,Expense,2026-06
TXN00653,2026-06-07,Google Workspace,Software expense,Software,-163.36,Expense,2026-06
TXN00635,2026-06-07,Google Workspace,Software expense,Software,-198.45,Expense,2026-06
TXN00591,2026-06-08,BlueStone Technologies,Client consulting payment,Revenue,1480.26,Income,2026-06
TXN00567,2026-06-08,Northstar Manufacturing,Client consulting payment,Revenue,3652.06,Income,2026-06
TXN00607,2026-06-08,Google Workspace,Software expense,Software,-149.13,Expense,2026-06
TXN00597,2026-06-09,Dropbox,Software expense,Software,-89.29,Expense,2026-06
TXN00559,2026-06-09,Harborview Foods,Client consulting payment,Revenue,3697.01,Income,2026-06
TXN00633,2026-06-10,Dropbox,Software expense,Software,-84.22,Expense,2026-06
TXN00617,2026-06-10,Uber,Travel expense,Travel,-95.13,Expense,2026-06
TXN00649,2026-06-10,AWS,Software expense,Software,-309.47,Expense,2026-06
TXN00572,2026-06-10,Northstar Manufacturing,Client consulting payment,Revenue,2895.98,Income,2026-06
TXN00581,2026-06-10,Pine Ridge Health,Client consulting payment,Revenue,4126.68,Income,2026-06
TXN00621,2026-06-11,Delta Airlines,Travel expense,Travel,-600.01,Expense,2026-06
TXN00613,2026-06-13,AWS,Software expense,Software,-524.8,Expense,2026-06
TXN00548,2026-06-13,Lakeside Properties,Client consulting payment,Revenue,953.81,Income,2026-06
TXN00601,2026-06-13,Target,Office Supplies expense,Office Supplies,-171.5,Expense,2026-06
TXN00571,2026-06-13,BlueStone Technologies,Client consulting payment,Revenue,4834.18,Income,2026-06
TXN00594,2026-06-14,Summit Accounting,Professional Services expense,Professional Services,-412.65,Expense,2026-06
TXN00549,2026-06-14,Great Lakes Logistics,Client consulting payment,Revenue,2299.29,Income,2026-06
TXN00663,2026-06-14,United Airlines,Travel expense,Travel,-329.22,Expense,2026-06
TXN00659,2026-06-14,Delta Airlines,Travel expense,Travel,-584.85,Expense,2026-06
TXN00641,2026-06-15,Target,Office Supplies expense,Office Supplies,-131.85,Expense,2026-06
TXN00606,2026-06-15,Google Ads,Marketing expense,Marketing,-626.22,Expense,2026-06
TXN00639,2026-06-15,Amazon Business,Office Supplies expense,Office Supplies,-309.05,Expense,2026-06
TXN00604,2026-06-15,Summit Accounting,Professional Services expense,Professional Services,-877.72,Expense,2026-06
TXN00628,2026-06-15,Summit Accounting,Professional Services expense,Professional Services,-366.18,Expense,2026-06
TXN00666,2026-06-15,Dropbox,Software expense,Software,-33.79,Expense,2026-06
TXN00670,2026-06-15,Employee Payroll,Biweekly payroll,Payroll,-8741.93,Expense,2026-06
TXN00558,2026-06-15,BlueStone Technologies,Client consulting payment,Revenue,2672.85,Income,2026-06
TXN00545,2026-06-15,Northstar Manufacturing,Client consulting payment,Revenue,1646.68,Income,2026-06
TXN00660,2026-06-15,Delta Airlines,Travel expense,Travel,-712.7,Expense,2026-06
TXN00579,2026-06-15,BlueStone Technologies,Client consulting payment,Revenue,4375.72,Income,2026-06
TXN00616,2026-06-16,Office Depot,Office Supplies expense,Office Supplies,-376.15,Expense,2026-06
TXN00638,2026-06-16,Amazon Business,Office Supplies expense,Office Supplies,-106.38,Expense,2026-06
TXN00654,2026-06-16,Summit Accounting,Professional Services expense,Professional Services,-1198.31,Expense,2026-06
TXN00612,2026-06-16,AWS,Software expense,Software,-420.87,Expense,2026-06
TXN00667,2026-06-17,Adobe,Software expense,Software,-169.36,Expense,2026-06
TXN00578,2026-06-17,Iron Range Services,Client consulting payment,Revenue,3780.07,Income,2026-06
TXN00550,2026-06-17,Northstar Manufacturing,Client consulting payment,Revenue,1947.51,Income,2026-06
TXN00665,2026-06-17,Google Ads,Marketing expense,Marketing,-1152.34,Expense,2026-06
TXN00598,2026-06-17,Amazon Business,Office Supplies expense,Office Supplies,-425.99,Expense,2026-06
TXN00610,2026-06-17,Uber,Travel expense,Travel,-117.41,Expense,2026-06
TXN00592,2026-06-17,Great Lakes Logistics,Client consulting payment,Revenue,4779.43,Income,2026-06
TXN00625,2026-06-18,United Airlines,Travel expense,Travel,-746.51,Expense,2026-06
TXN00611,2026-06-18,Dropbox,Software expense,Software,-76.35,Expense,2026-06
TXN00563,2026-06-18,Harborview Foods,Client consulting payment,Revenue,2954.96,Income,2026-06
TXN00566,2026-06-18,Great Lakes Logistics,Client consulting payment,Revenue,2321.03,Income,2026-06
TXN00642,2026-06-18,Microsoft,Software expense,Software,-169.43,Expense,2026-06
TXN00580,2026-06-18,Summit Retail Group,Client consulting payment,Revenue,2936.77,Income,2026-06
TXN00568,2026-06-19,Iron Range Services,Client consulting payment,Revenue,2664.55,Income,2026-06
TXN00552,2026-06-19,Lakeside Properties,Client consulting payment,Revenue,2223.95,Income,2026-06
TXN00647,2026-06-19,Northstar Legal,Professional Services expense,Professional Services,-477.33,Expense,2026-06
TXN00664,2026-06-19,Summit Accounting,Professional Services expense,Professional Services,-1106.18,Expense,2026-06
TXN00570,2026-06-20,Iron Range Services,Client consulting payment,Revenue,2120.42,Income,2026-06
TXN00631,2026-06-20,AWS,Software expense,Software,-486.6,Expense,2026-06
TXN00651,2026-06-20,Staples,Office Supplies expense,Office Supplies,-190.58,Expense,2026-06
TXN00555,2026-06-21,Pine Ridge Health,Client consulting payment,Revenue,1131.49,Income,2026-06
TXN00615,2026-06-21,Google Ads,Marketing expense,Marketing,-410.68,Expense,2026-06
TXN00602,2026-06-21,Target,Office Supplies expense,Office Supplies,-164.07,Expense,2026-06
TXN00643,2026-06-21,AWS,Software expense,Software,-591.85,Expense,2026-06
TXN00650,2026-06-21,Uber,Travel expense,Travel,-30.9,Expense,2026-06
TXN00561,2026-06-22,Iron Range Services,Client consulting payment,Revenue,1953.13,Income,2026-06
TXN00560,2026-06-22,Iron Range Services,Client consulting payment,Revenue,977.89,Income,2026-06
TXN00574,2026-06-22,BlueStone Technologies,Client consulting payment,Revenue,1701.2,Income,2026-06
TXN00629,2026-06-22,Northstar Legal,Professional Services expense,Professional Services,-1217.28,Expense,2026-06
TXN00551,2026-06-22,Iron Range Services,Client consulting payment,Revenue,4535.84,Income,2026-06
TXN00583,2026-06-23,Iron Range Services,Client consulting payment,Revenue,4175.38,Income,2026-06
TXN00623,2026-06-23,Amazon Business,Office Supplies expense,Office Supplies,-164.3,Expense,2026-06
TXN00656,2026-06-23,Office Depot,Office Supplies expense,Office Supplies,-368.36,Expense,2026-06
TXN00652,2026-06-23,Amazon Business,Office Supplies expense,Office Supplies,-440.22,Expense,2026-06
TXN00608,2026-06-23,Xcel Energy,Utilities expense,Utilities,-151.01,Expense,2026-06
TXN00658,2026-06-24,United Airlines,Travel expense,Travel,-374.97,Expense,2026-06
TXN00575,2026-06-24,BlueStone Technologies,Client consulting payment,Revenue,1640.75,Income,2026-06
TXN00582,2026-06-24,Great Lakes Logistics,Client consulting payment,Revenue,910.39,Income,2026-06
TXN00585,2026-06-24,Harborview Foods,Client consulting payment,Revenue,3007.92,Income,2026-06
TXN00661,2026-06-24,Staples,Office Supplies expense,Office Supplies,-131.45,Expense,2026-06
TXN00668,2026-06-24,United Airlines,Travel expense,Travel,-389.09,Expense,2026-06
TXN00605,2026-06-24,Marriott,Travel expense,Travel,-319.58,Expense,2026-06
TXN00603,2026-06-25,Microsoft,Software expense,Software,-320.03,Expense,2026-06
TXN00620,2026-06-25,Google Ads,Marketing expense,Marketing,-630.09,Expense,2026-06
TXN00634,2026-06-25,Google Ads,Marketing expense,Marketing,-192.27,Expense,2026-06
TXN00619,2026-06-25,Marriott,Travel expense,Travel,-193.21,Expense,2026-06
TXN00618,2026-06-25,Xcel Energy,Utilities expense,Utilities,-216.7,Expense,2026-06
TXN00553,2026-06-25,Summit Retail Group,Client consulting payment,Revenue,3706.69,Income,2026-06
TXN00640,2026-06-25,Northstar Legal,Professional Services expense,Professional Services,-938.81,Expense,2026-06
TXN00636,2026-06-26,Xcel Energy,Utilities expense,Utilities,-214.25,Expense,2026-06
TXN00595,2026-06-26,Marriott,Travel expense,Travel,-233.25,Expense,2026-06
TXN00655,2026-06-26,Xcel Energy,Utilities expense,Utilities,-194.21,Expense,2026-06
TXN00554,2026-06-26,Iron Range Services,Client consulting payment,Revenue,1920.23,Income,2026-06
TXN00547,2026-06-26,BlueStone Technologies,Client consulting payment,Revenue,2472.54,Income,2026-06
TXN00637,2026-06-26,Amazon Business,Office Supplies expense,Office Supplies,-95.7,Expense,2026-06
TXN00556,2026-06-27,Summit Retail Group,Client consulting payment,Revenue,2033.82,Income,2026-06
TXN00657,2026-06-27,Uber,Travel expense,Travel,-52.2,Expense,2026-06
TXN00662,2026-06-28,LinkedIn Ads,Marketing expense,Marketing,-846.96,Expense,2026-06
TXN00627,2026-06-28,Target,Office Supplies expense,Office Supplies,-68.8,Expense,2026-06
TXN00573,2026-06-28,Harborview Foods,Client consulting payment,Revenue,1294.6,Income,2026-06
TXN00586,2026-06-28,Harborview Foods,Client consulting payment,Revenue,1109.75,Income,2026-06
TXN00632,2026-06-28,Uber,Travel expense,Travel,-113.59,Expense,2026-06
TXN00569,2026-06-28,Pine Ridge Health,Client consulting payment,Revenue,1378.32,Income,2026-06
TXN00671,2026-06-28,Employee Payroll,Biweekly payroll,Payroll,-7906.7,Expense,2026-06
TXN00646,2026-06-29,Google Workspace,Software expense,Software,-156.48,Expense,2026-06
TXN00645,2026-06-29,Target,Office Supplies expense,Office Supplies,-76.2,Expense,2026-06
TXN00644,2026-06-29,Microsoft,Software expense,Software,-208.14,Expense,2026-06
TXN00596,2026-06-29,Office Depot,Office Supplies expense,Office Supplies,-378.98,Expense,2026-06
