Transaction_ID,Date,Vendor_or_Client,Amount,Finding_Type,Risk_Level,Evidence,Recommended_Action,Signal_Points
DUP001,2026-02-01,Target,-217.76,Possible Duplicate,High,"Another transaction has the same date, vendor and amount.","Compare invoices, payment references and bank activity before approving the transaction.",3
OUT001,2026-02-18,AWS,-4850.0,Unusual Amount,High,Transaction is 9.4x the vendor's historical median of $513.38.,"Verify the invoice, business purpose and authorization for the transaction.",3
RND001,2026-03-11,Amazon Business,-5000.0,Unusual Amount,High,Transaction is 22.2x the vendor's historical median of $224.90.,"Verify the invoice, business purpose and authorization for the transaction.",3
OUT002,2026-03-21,Google Ads,-6200.0,Unusual Amount,High,Transaction is 9.9x the vendor's historical median of $626.22.,"Verify the invoice, business purpose and authorization for the transaction.",3
DUP005,2026-04-04,Google Ads,-298.97,Possible Duplicate,High,"Another transaction has the same date, vendor and amount.","Compare invoices, payment references and bank activity before approving the transaction.",3
DUP002,2026-04-07,AWS,-322.67,Possible Duplicate,High,"Another transaction has the same date, vendor and amount.","Compare invoices, payment references and bank activity before approving the transaction.",3
OUT003,2026-04-14,Office Depot,-2750.0,Unusual Amount,High,Transaction is 10.5x the vendor's historical median of $260.93.,"Verify the invoice, business purpose and authorization for the transaction.",3
NEW001,2026-04-22,Quantum Strategy Partners,-7200.0,New Material Vendor,High,"Vendor first appeared on 2026-04-22 with $7,200.00 in recorded spending.","Confirm vendor onboarding, authorization, contract documentation and business purpose.",3
OUT004,2026-05-09,Uber,-1850.0,Unusual Amount,High,Transaction is 31.7x the vendor's historical median of $58.30.,"Verify the invoice, business purpose and authorization for the transaction.",3
NEW002,2026-05-19,Rapid Growth Consulting,-5600.0,New Material Vendor,High,"Vendor first appeared on 2026-05-19 with $5,600.00 in recorded spending.","Confirm vendor onboarding, authorization, contract documentation and business purpose.",3
DUP003,2026-06-15,Summit Accounting,-877.72,Possible Duplicate,High,"Another transaction has the same date, vendor and amount.","Compare invoices, payment references and bank activity before approving the transaction.",3
OUT005,2026-06-17,Adobe,-3100.0,Unusual Amount,High,Transaction is 26.7x the vendor's historical median of $116.17.,"Verify the invoice, business purpose and authorization for the transaction.",3
DUP004,2026-06-21,Target,-164.07,Possible Duplicate,High,"Another transaction has the same date, vendor and amount.","Compare invoices, payment references and bank activity before approving the transaction.",3
NEW003,2026-06-23,Executive Solutions Group,-6800.0,New Material Vendor,High,"Vendor first appeared on 2026-06-23 with $6,800.00 in recorded spending.","Confirm vendor onboarding, authorization, contract documentation and business purpose.",3
TXN00044,2026-01-01,Xcel Energy,-127.97,Category Inconsistency,Medium,"Recorded as Marketing, while this vendor is normally categorized as Utilities.",Review supporting documentation and confirm the appropriate accounting classification.,2
TXN00070,2026-01-04,Delta Airlines,-515.88,Category Inconsistency,Medium,"Recorded as Office Supplies, while this vendor is normally categorized as Travel.",Review supporting documentation and confirm the appropriate accounting classification.,2
TXN00057,2026-01-04,Microsoft,-271.12,Category Inconsistency,Medium,"Recorded as Travel, while this vendor is normally categorized as Software.",Review supporting documentation and confirm the appropriate accounting classification.,2
TXN00076,2026-01-13,Google Ads,-1122.84,Category Inconsistency,Medium,"Recorded as Utilities, while this vendor is normally categorized as Marketing.",Review supporting documentation and confirm the appropriate accounting classification.,2
TXN00186,2026-02-03,Office Depot,-133.66,Category Inconsistency,Medium,"Recorded as Software, while this vendor is normally categorized as Office Supplies.",Review supporting documentation and confirm the appropriate accounting classification.,2
RND001,2026-03-11,Amazon Business,-5000.0,Large Round-Dollar Transaction,Medium,"Transaction amount of $5,000.00 is both material and exactly rounded to a $1,000 increment.",Review invoice detail and supporting documentation.,1
RND002,2026-05-15,Northstar Legal,-4000.0,Unusual Amount,Medium,Transaction is 4.3x the vendor's historical median of $938.81.,"Verify the invoice, business purpose and authorization for the transaction.",3
RND002,2026-05-15,Northstar Legal,-4000.0,Large Round-Dollar Transaction,Medium,"Transaction amount of $4,000.00 is both material and exactly rounded to a $1,000 increment.",Review invoice detail and supporting documentation.,1
RND003,2026-06-08,Summit Accounting,-3000.0,Unusual Amount,Medium,Transaction is 3.5x the vendor's historical median of $864.12.,"Verify the invoice, business purpose and authorization for the transaction.",3
RND003,2026-06-08,Summit Accounting,-3000.0,Large Round-Dollar Transaction,Medium,"Transaction amount of $3,000.00 is both material and exactly rounded to a $1,000 increment.",Review invoice detail and supporting documentation.,1
